134,52,121,106,36,26,194,193,0,20,0,24,0
68,30,54,45,24,18,55,53,2,6,0,4,0
91,36,51,56,16,12,60,78,0,4,0,10,0
713,130,1355,1175,524,158,3468,3784,0,514,50,406,220
266,94,307,264,106,64,570,567,2,40,2,46,12
266,32,371,341,182,22,770,695,0,120,0,112,12
169,38,225,174,88,28,378,396,0,86,20,50,4
32,16,28,10,16,12,12,10,0,0,0,4,0
92,36,58,58,16,12,63,82,0,6,0,8,0
44,20,36,27,16,12,44,12,0,4,0,4,0
216,84,242,184,94,62,393,352,2,24,4,38,0
24,14,18,9,16,12,4,3,2,2,0,0,0
94,4,119,138,70,0,234,249,0,72,0,54,0
134,34,255,174,104,42,566,472,2,100,6,80,40
152,56,88,106,16,12,119,155,0,6,0,18,0
1088,352,1535,1107,364,272,2649,2912,2,116,32,220,52
70,30,57,37,24,18,73,72,0,14,0,20,0
75,34,62,46,32,24,83,66,2,14,0,18,0
343,24,922,677,496,78,2831,2346,0,1122,18,840,92
243,94,240,177,84,66,324,316,6,40,0,36,0
88,36,74,71,24,18,108,100,0,8,0,8,0
24,14,18,9,16,12,4,3,2,2,0,0,0
69,30,57,48,24,18,68,60,0,2,0,8,0
115,8,234,133,108,52,380,411,0,126,30,76,8
119,46,104,87,42,28,124,123,2,12,2,4,0
62,26,48,44,16,12,58,55,0,4,0,4,0
60,26,36,39,16,12,41,42,0,2,0,2,0
140,18,236,178,100,42,433,488,0,96,16,64,16
93,40,73,63,32,24,80,85,2,10,0,6,0
211,70,230,205,80,42,426,441,0,26,0,20,24
61,26,41,39,16,12,40,38,0,2,0,2,0
300,114,216,222,66,44,296,328,2,22,2,30,0
49,24,37,27,24,18,28,24,2,6,0,0,0
172,28,274,226,120,44,489,534,0,98,10,68,20
117,42,125,90,36,24,158,152,0,12,0,18,4
144,20,387,200,194,30,1018,644,0,478,14,352,20
258,60,364,337,142,44,733,831,2,62,8,46,60
24,14,18,9,16,12,4,3,2,2,0,0,0
225,82,137,168,24,18,169,226,0,8,0,14,0
88,0,102,131,68,0,198,202,0,64,0,48,0
67,24,85,45,28,16,130,106,0,16,0,26,8
211,50,309,257,112,50,568,615,2,58,12,34,20
292,110,216,216,56,42,307,357,0,36,0,40,0
39,18,36,14,16,12,30,21,0,8,0,10,0
490,66,1061,941,532,62,3396,3046,0,1118,14,846,128
76,32,64,51,24,18,74,73,0,4,0,10,0
473,148,671,567,228,110,1501,1314,4,106,8,86,32
145,20,306,186,122,60,586,559,0,132,36,82,8
51,22,59,22,24,28,33,37,4,8,0,0,0
133,16,297,190,126,54,618,673,0,150,30,104,40
167,64,127,128,36,26,183,171,0,10,0,18,0
45,22,42,21,24,18,58,30,2,14,0,18,0
88,8,149,95,66,34,215,261,0,52,12,34,8
94,4,116,132,68,10,183,242,0,48,0,36,0
406,84,683,644,250,60,1738,1992,0,184,20,174,80
324,52,518,485,242,64,1166,1230,2,262,18,176,16
292,36,709,529,376,18,2200,1738,0,952,20,692,84
82,34,77,59,28,22,95,88,2,8,0,12,0
43,20,29,21,16,12,24,22,0,4,0,2,0
282,68,497,414,164,58,1199,1222,0,132,28,106,68
24,14,18,9,16,12,4,3,2,2,0,0,0
57,26,51,41,24,18,67,29,2,8,0,4,0
43,20,29,21,16,12,24,22,0,4,0,2,0
317,90,536,423,190,82,1282,1191,2,84,10,72,68
100,16,130,125,58,14,210,283,0,44,12,24,24
44,20,34,23,16,12,44,27,0,6,0,8,0
12,8,6,3,8,6,0,0,0,0,0,0,0
104,42,70,69,24,18,71,87,0,2,0,6,0
440,96,670,612,310,36,1629,1463,0,322,14,248,28
137,58,118,96,54,36,126,136,4,12,0,10,0
52,24,50,33,24,18,56,20,0,0,0,8,0
39,18,36,14,16,12,30,21,0,8,0,10,0
122,50,86,92,32,24,108,108,0,4,0,6,0
219,72,283,191,92,48,443,411,2,34,2,36,8
75,32,55,41,24,18,46,52,0,4,0,6,0
86,32,96,68,28,24,143,136,0,14,0,18,0
48,22,26,27,16,12,24,21,0,2,0,0,0
101,42,80,68,32,24,101,103,2,14,0,14,0
303,102,348,317,106,72,621,717,6,40,2,36,8
238,76,323,266,100,58,621,639,2,38,6,32,8
128,18,211,157,88,34,350,385,0,66,10,46,8
470,30,765,824,402,72,1736,1967,0,366,14,268,60
245,96,212,185,80,58,295,268,0,26,0,20,0
54,28,42,33,32,24,38,24,4,8,0,0,0
364,70,548,459,202,74,1103,1278,0,176,40,132,4
571,82,1087,915,484,166,2700,2849,0,608,68,432,108
850,194,1338,1244,512,154,3405,3640,0,518,66,412,60
146,60,96,102,40,30,138,118,0,14,0,10,0
81,30,73,62,20,18,85,104,0,4,0,6,4
189,22,520,283,278,44,1426,939,0,806,14,590,24
118,48,91,83,32,24,120,120,0,16,0,12,0
121,48,75,89,24,18,104,107,0,8,0,4,0
185,8,314,345,190,6,852,842,0,272,0,204,40
97,40,87,63,32,24,132,132,0,22,0,30,0
20,4,12,17,4,2,12,23,0,0,0,0,0
138,44,129,137,26,10,204,249,0,6,2,12,28
92,38,64,65,24,18,75,70,0,4,0,4,0
192,4,414,387,240,42,1055,1049,0,326,22,228,52
231,90,147,168,48,36,206,200,0,20,0,12,0
293,46,570,413,226,88,1176,1235,0,186,28,146,32
162,58,134,130,32,22,173,234,2,12,2,18,4
235,46,370,289,128,56,695,782,0,76,20,58,16
312,114,389,279,140,94,643,649,4,62,12,64,32
95,42,85,68,40,30,111,77,2,12,0,8,0
202,58,272,201,110,62,431,493,2,78,24,52,8
33,16,30,6,16,12,36,27,0,12,0,18,0
1728,256,3774,3583,1868,246,12681,12579,0,3428,36,2620,304
134,54,86,92,32,24,119,120,2,14,0,14,0
127,48,127,104,36,34,167,198,4,16,0,16,8
86,36,94,67,38,24,132,96,4,14,0,12,0
606,96,768,796,370,72,1593,1644,0,358,10,270,28
44,20,34,23,16,12,44,27,0,6,0,8,0
116,44,78,85,16,12,96,131,0,4,0,10,0
130,46,155,91,28,34,145,189,2,12,4,20,0
37,18,27,20,16,12,38,10,0,4,0,6,0
170,24,280,214,128,62,465,536,0,114,32,60,8
274,90,351,284,124,62,641,633,2,28,2,36,24
61,26,69,35,28,18,86,47,0,10,0,16,0
315,56,470,411,176,84,845,1121,0,88,20,70,20
32,16,28,10,16,12,12,10,0,0,0,4,0
169,62,186,144,62,46,306,333,4,34,0,46,4
157,8,371,301,206,30,1092,896,0,414,14,300,20
681,90,1219,1130,572,96,3058,3230,0,644,28,506,80
337,54,480,429,190,78,870,1077,0,158,38,102,32
664,212,753,667,196,130,1259,1502,2,44,2,84,40
432,66,802,734,382,92,2165,2168,0,496,34,360,60
105,44,79,69,32,24,78,81,0,4,0,6,0
146,26,251,167,94,38,425,483,0,102,30,58,12
116,50,80,79,40,30,127,99,0,16,0,12,0
411,70,782,608,320,112,1704,1863,0,254,36,192,96
122,46,76,87,16,12,91,111,0,4,0,8,0
255,26,506,340,218,110,918,1038,0,220,68,116,44
88,8,171,88,74,44,264,274,0,88,24,48,0
44,20,36,27,16,12,44,12,0,4,0,4,0
54,24,32,33,16,12,31,29,0,0,0,2,0
151,30,228,167,106,46,377,388,0,72,14,38,8
100,42,74,59,32,24,122,101,0,20,0,24,0
42,20,26,22,16,12,16,18,0,0,0,0,0
62,26,48,44,16,12,58,55,0,4,0,4,0
32,16,28,10,16,12,12,10,0,0,0,4,0
188,76,124,138,48,36,162,177,6,18,0,16,0
177,26,326,259,130,50,685,785,0,112,16,84,48
642,40,1804,1215,932,236,4913,4221,0,1840,136,1296,116
38,20,36,17,24,18,12,10,4,4,0,0,0
198,30,327,216,132,78,496,570,0,104,34,50,8
202,80,189,153,76,58,274,244,4,26,0,26,0
621,206,854,745,248,128,1813,1963,14,146,8,158,44
137,56,103,90,40,30,123,125,0,12,0,14,0
770,90,1308,1496,648,70,3612,4250,0,586,10,470,188
67,12,127,57,46,36,196,184,0,54,22,26,0
627,92,959,1048,436,50,2388,2817,2,304,2,274,92
115,44,55,74,16,12,64,86,0,4,0,6,0
298,52,491,387,178,76,925,1087,0,128,40,82,24
46,12,39,43,10,2,50,63,0,2,2,0,0
596,100,1535,1364,746,124,5775,5425,2,1338,42,972,240
33,16,30,6,16,12,36,27,0,12,0,18,0
69,30,59,51,24,18,71,64,2,8,0,4,0
547,100,953,854,384,128,2210,2562,0,288,54,216,112
31,14,25,11,8,8,6,11,0,0,0,2,0
472,98,743,616,286,102,1550,1647,0,160,26,124,36
119,20,244,164,92,36,464,462,0,64,8,50,16
43,20,29,21,16,12,24,22,0,4,0,2,0
99,40,67,63,24,18,80,89,0,6,0,12,0
51,22,47,32,16,14,48,24,0,4,0,6,0
136,50,146,103,46,32,193,177,0,20,2,22,0
285,60,493,366,186,64,1039,1124,2,126,6,136,56
246,78,340,261,100,62,613,647,0,40,12,32,12
70,10,116,62,42,28,144,188,0,36,12,20,0
42,20,26,22,16,12,16,18,0,0,0,0,0
24,14,18,9,16,12,4,3,2,2,0,0,0
112,48,88,81,40,30,128,91,2,16,0,10,0
129,56,127,76,58,36,156,119,4,24,2,22,0
105,42,71,64,24,18,88,94,0,12,0,14,0
56,26,44,29,24,18,34,35,0,2,0,4,0
12,8,6,3,8,6,0,0,0,0,0,0,0
83,36,75,67,32,24,124,80,2,14,0,10,0
64,28,57,39,24,18,80,63,0,12,0,16,0
137,44,179,151,58,32,319,301,2,16,4,12,0
596,50,1246,1175,686,70,3794,3263,0,1056,18,780,48
460,26,1038,906,584,80,2873,2783,0,1070,12,800,100
3469,1068,4378,3811,1118,568,8240,9196,2,302,116,452,180
30,16,18,15,16,12,24,0,0,4,0,0,0
315,98,466,348,172,78,909,839,2,56,16,48,28
32,16,28,10,16,12,12,10,0,0,0,4,0
220,78,243,197,78,56,380,411,2,36,2,38,0
97,36,67,68,18,18,83,99,0,6,0,6,0
119,44,159,104,64,42,217,207,6,38,4,20,12
106,22,142,121,40,24,248,325,0,10,2,16,16
402,58,822,657,348,116,2052,2089,0,446,62,300,84
55,24,33,30,16,12,30,30,0,4,0,2,0
140,52,88,107,16,12,106,131,0,4,0,4,0
381,136,221,289,32,24,301,404,0,14,0,26,0
137,52,102,96,26,18,128,150,0,10,0,18,0
195,54,319,229,108,52,677,601,0,62,10,52,20
398,124,588,490,184,104,1267,1328,2,42,4,68,36
49,22,33,25,16,12,22,27,0,2,0,2,0
3710,260,28574,8975,16942,932,250721,124832,0,225964,2644,167734,188
312,62,542,492,204,60,1437,1434,0,294,22,222,28
149,54,132,123,48,28,202,214,0,22,0,24,8
80,32,52,52,16,12,68,66,0,6,0,10,0
109,42,61,74,16,12,73,99,0,4,0,6,0
134,54,119,114,42,30,188,164,4,20,0,16,0
130,52,127,104,44,30,183,182,2,16,0,20,0
338,114,303,301,68,48,476,578,2,22,0,36,8
329,34,536,525,274,50,1189,1277,0,236,8,178,8
97,38,57,63,16,12,64,88,0,4,0,8,0
513,90,925,828,352,110,2283,2563,0,304,40,242,116
215,30,335,297,150,20,620,741,0,130,2,108,4
187,30,311,219,138,70,495,574,0,108,38,52,8
58,18,74,39,22,18,97,80,0,4,0,8,0
24,14,18,9,16,12,4,3,2,2,0,0,0
213,88,240,192,100,66,387,293,10,34,2,32,0
176,72,155,139,62,42,207,191,6,20,2,14,0
43,20,29,21,16,12,24,22,0,4,0,2,0
251,88,276,259,88,54,490,511,4,36,2,22,16
281,32,652,525,302,84,1743,1733,0,412,36,290,176
63,28,52,35,24,18,75,66,0,12,0,20,0
1350,132,3306,2849,1818,176,11488,9588,0,4412,80,3294,184
66,30,69,47,32,24,89,45,2,8,0,12,0
401,34,663,692,344,50,1492,1872,0,316,12,238,96
188,52,210,171,72,42,323,396,0,36,8,32,0
239,80,281,215,74,60,435,495,2,28,8,32,4
198,62,291,256,98,46,683,671,0,28,0,36,32
86,36,60,55,24,18,60,66,2,6,0,6,0
19,6,8,11,0,0,5,9,0,0,0,0,0
187,68,121,142,28,22,156,202,0,6,2,12,0
171,66,113,125,32,24,152,172,0,12,0,14,0
308,84,507,457,178,72,1271,1363,2,58,4,72,80
32,16,28,10,16,12,12,10,0,0,0,4,0
236,32,390,338,186,40,812,940,0,172,12,130,8
44,20,34,23,16,12,44,27,0,6,0,8,0
154,60,110,114,32,24,156,161,0,14,0,14,0
206,64,271,199,68,54,485,569,0,26,2,58,8
279,86,373,302,136,72,774,734,0,58,2,56,28
215,12,370,389,208,22,884,914,0,240,0,180,20
533,116,853,862,290,78,2276,2622,0,156,16,164,88
32,16,28,10,16,12,12,10,0,0,0,4,0
110,46,80,64,32,28,88,97,0,8,0,14,0
123,36,155,132,54,20,302,304,0,12,0,18,20
616,112,1227,812,456,222,2541,2587,2,442,118,304,48
216,78,267,229,90,60,498,469,8,38,4,30,12
56,24,42,35,16,12,55,46,0,6,0,8,0
267,70,380,328,150,66,763,842,0,78,10,60,56
126,16,251,155,106,50,439,461,0,106,26,62,24
348,82,554,546,184,42,1488,1609,0,180,14,152,24
372,82,559,518,218,86,1193,1321,0,156,18,106,72
67,28,43,44,16,12,57,58,0,6,0,6,0
50,22,40,33,16,12,50,29,0,4,0,4,0
288,74,332,353,86,16,652,860,0,24,8,46,20
111,14,212,145,88,36,394,441,0,78,14,56,20
721,38,1289,1303,710,96,3301,3237,0,912,40,658,36
56,24,44,38,16,12,52,46,0,4,0,4,0
68,28,50,47,16,12,67,67,0,6,0,8,0
92,36,60,61,16,12,74,90,0,6,0,10,0
163,28,273,168,104,42,414,483,0,104,32,58,16
232,86,140,171,32,24,195,230,0,14,0,16,0
150,62,122,108,50,36,158,143,4,16,0,18,0
12,8,6,3,8,6,0,0,0,0,0,0,0
116,44,78,87,16,12,93,113,0,4,0,6,0
85,18,105,103,46,20,186,222,0,22,2,12,12
104,40,62,65,16,12,72,96,0,6,0,12,0
294,38,582,382,248,96,1109,1124,0,282,74,168,16
52,24,51,30,24,18,58,26,2,12,0,10,0
338,72,572,454,234,82,1185,1252,0,196,36,128,68
315,96,484,402,138,82,1029,1091,4,50,16,66,40
116,18,214,138,80,44,357,411,0,72,24,36,20
81,34,65,57,24,18,75,72,0,2,0,8,0
103,40,65,74,16,12,76,99,0,2,0,6,0
192,28,306,234,128,58,536,582,0,92,28,52,8
39,8,49,31,16,10,71,68,0,4,4,2,4
459,168,501,400,178,122,834,817,6,74,2,80,8
254,96,187,204,48,36,275,303,0,22,0,24,0
97,30,123,81,42,26,181,138,0,14,4,4,0
77,32,64,44,26,18,62,61,0,4,0,10,0
192,16,346,315,184,26,812,819,0,208,0,148,28
121,28,181,161,70,14,385,387,0,58,6,40,16
323,34,542,477,286,34,1226,1103,0,340,12,258,28
193,74,141,141,40,30,199,216,0,20,0,24,0
55,24,37,35,16,12,42,32,0,4,0,2,0
427,124,616,591,232,96,1557,1659,4,124,4,108,72
15,6,12,3,4,0,4,3,0,2,2,0,0
196,72,219,179,72,42,365,340,2,26,2,32,4
161,60,119,128,26,18,170,204,0,6,0,20,0
448,126,738,600,264,124,1697,1569,6,86,16,70,60
149,48,176,169,50,30,379,384,0,22,2,22,20
187,66,206,174,66,40,319,324,4,26,4,22,4
286,10,596,588,350,30,1796,1563,0,596,4,444,92
196,16,392,329,188,52,828,976,0,182,14,138,28
551,44,1172,906,542,212,2561,2893,0,614,126,378,96
181,72,138,126,48,36,186,184,2,24,0,24,0
1060,156,2127,1843,1014,170,5662,5619,2,1358,38,978,176
255,94,159,194,32,24,202,277,0,8,0,14,0
670,22,4472,1831,2882,30,26852,14195,0,23296,168,17346,356
49,22,35,29,16,12,36,34,0,2,0,4,0
164,54,203,169,70,36,440,352,0,30,2,26,12
111,44,79,79,24,18,97,93,0,8,0,6,0
222,86,238,186,80,54,355,353,6,32,2,36,0
1204,216,2519,2247,1088,308,7463,7876,10,1224,90,856,224
160,60,207,150,74,56,389,357,8,58,12,80,24
209,20,438,352,210,70,1028,1080,0,270,30,184,56
912,214,1530,1291,602,226,3704,3716,2,514,66,376,104
58,18,65,53,22,8,101,96,0,4,0,4,28
142,52,151,135,46,32,248,240,0,10,6,16,0
12,8,6,3,8,6,0,0,0,0,0,0,0
104,38,61,75,8,6,78,98,0,2,0,8,0
213,62,341,283,108,40,737,748,0,26,12,28,52
1246,262,2152,2159,790,176,6208,7316,2,654,36,660,148
44,20,36,27,16,12,44,12,0,4,0,4,0
44,20,36,27,16,12,44,12,0,4,0,4,0
1362,294,2347,2255,880,196,6471,7117,2,814,92,686,116
328,112,352,295,118,60,558,590,2,40,12,42,12
611,72,1013,1019,540,66,2458,2499,0,578,6,438,100
499,86,706,668,298,112,1331,1651,0,172,42,96,76
818,94,1565,1503,796,132,4087,4290,4,1010,34,716,152
169,20,290,176,118,62,417,558,0,88,32,48,12
400,80,691,649,286,74,1857,1973,0,304,24,244,60
263,52,435,343,170,56,890,926,0,184,32,122,24
88,36,68,56,24,18,78,78,0,6,0,12,0
121,36,182,142,54,30,383,367,0,16,6,24,36
85,30,138,67,70,38,197,138,8,62,18,42,24
245,84,268,231,68,46,431,515,0,16,0,42,12
128,48,78,88,16,12,89,121,0,4,0,10,0
127,50,123,108,46,34,195,170,0,14,0,12,0
163,70,132,104,60,42,208,153,2,28,0,34,0
141,50,158,127,50,36,236,265,2,20,2,16,0
39,18,36,14,16,12,30,21,0,8,0,10,0
414,132,449,408,126,70,771,1005,0,28,2,78,40
75,28,63,55,14,8,84,83,0,2,0,10,0
141,46,153,131,36,24,228,265,2,10,0,14,0
309,100,418,324,116,62,758,763,2,44,8,62,24
281,98,246,227,42,32,350,422,0,14,2,42,0
510,70,1027,876,482,82,2539,2457,0,594,22,436,80
202,68,202,190,44,34,327,406,0,14,2,28,4
77,32,64,39,24,18,92,91,0,18,0,28,0
177,42,291,186,98,60,456,502,2,58,24,32,8
154,36,278,149,98,52,464,398,0,100,28,64,8
581,142,1161,691,520,142,2918,2133,6,1086,102,742,20
135,46,191,130,76,40,305,274,6,26,6,18,4
172,64,122,135,28,18,173,207,0,4,0,18,0
95,36,84,67,22,14,101,101,0,6,0,14,0
491,108,823,676,310,124,1795,2042,4,262,44,200,48
12,8,6,3,8,6,0,0,0,0,0,0,0
220,44,340,285,126,48,691,790,0,76,10,62,32
1338,440,1685,1452,574,282,3697,3779,6,248,8,330,176
161,8,360,297,194,52,895,840,0,288,24,198,20
162,16,361,215,166,70,745,689,0,276,68,156,8
320,26,678,527,350,84,1670,1418,0,512,48,352,16
344,96,513,487,180,66,1292,1382,0,74,4,86,44
175,24,288,217,120,52,499,550,0,98,34,50,24
64,26,71,46,32,22,104,55,2,12,0,6,0
159,64,171,146,68,50,271,259,2,18,2,24,0
87,36,67,61,24,18,85,69,0,8,0,6,0
32,16,28,10,16,12,12,10,0,0,0,4,0
126,48,184,111,70,30,406,247,2,36,0,50,0
72,10,79,86,32,8,109,170,0,16,0,16,0
147,56,93,100,24,18,91,131,2,8,0,6,0
149,32,229,155,96,46,416,359,0,82,20,44,0
202,76,175,156,46,34,223,247,2,20,0,24,0
44,20,34,23,16,12,44,27,0,6,0,8,0
67,28,43,42,16,12,43,49,0,2,0,4,0
328,56,588,430,244,80,1272,1247,0,290,38,208,16
378,52,600,530,284,24,1519,1303,0,340,4,274,20
141,22,293,163,114,56,568,565,0,122,34,80,8
215,54,360,256,116,56,648,733,0,54,10,54,48
61,26,35,34,16,12,38,38,0,4,0,6,0
75,30,65,58,18,14,77,84,0,2,0,6,0
486,88,808,696,348,114,1810,1986,0,262,26,184,76
322,56,716,563,328,32,2303,2094,0,770,2,626,80
591,86,1132,921,496,178,2598,2594,0,682,84,466,40
279,24,494,417,240,74,1020,1128,0,264,40,172,36
115,44,69,83,16,12,78,99,0,4,0,2,0
190,76,128,131,40,30,165,187,0,14,0,18,0
92,36,60,60,16,12,80,93,0,6,0,14,0
80,32,52,47,16,12,56,71,0,6,0,10,0
104,40,70,73,16,12,75,107,0,4,0,6,0
32,16,28,10,16,12,12,10,0,0,0,4,0
447,86,791,725,364,120,1999,1974,2,374,20,266,32
140,58,127,111,50,38,174,163,4,20,0,12,0
109,42,63,76,16,12,78,95,0,2,0,8,0
79,32,49,49,16,12,40,58,0,2,0,2,0
117,44,83,78,20,14,100,120,0,10,2,14,0
142,56,108,108,34,26,148,170,0,10,0,16,0
161,54,199,157,62,44,302,334,2,18,6,14,8
166,36,283,174,112,54,529,539,0,114,28,72,28
209,62,317,260,92,48,644,703,2,22,12,34,28
86,40,58,42,32,24,48,44,0,8,0,4,0
376,16,1246,802,694,100,4945,3160,0,2436,44,1804,16
254,92,146,191,24,18,189,251,0,6,0,14,0
140,56,92,97,32,24,110,120,0,8,0,8,0
142,52,147,135,56,32,254,245,0,18,4,12,0
620,78,1101,1009,536,132,2598,2856,0,528,52,374,60
73,12,119,60,42,32,159,187,0,32,16,12,8
126,46,117,96,36,22,162,168,0,12,0,14,0
44,4,96,33,40,30,136,123,0,52,20,24,0
50,22,40,33,16,12,50,29,0,4,0,4,0
49,24,39,26,26,18,34,20,2,6,0,0,0
127,40,99,107,24,16,141,200,0,2,0,6,12
84,34,74,52,26,18,102,100,0,14,0,22,0
73,30,43,43,16,12,44,52,0,4,0,6,0
84,26,85,73,26,10,141,130,0,4,0,10,0
672,154,841,803,342,56,1774,1865,0,182,4,212,16
62,26,48,44,16,12,58,55,0,4,0,4,0
255,20,588,461,298,90,1272,1272,0,298,4,218,20
240,84,266,207,86,48,477,467,0,42,2,62,12
93,38,71,66,24,18,83,85,2,8,0,8,0
401,148,447,373,152,94,716,704,8,64,4,62,0
237,46,423,323,160,62,895,946,0,152,22,114,40
197,66,216,177,62,42,323,381,0,18,4,32,0
262,72,330,314,94,30,641,759,0,14,12,40,40
126,42,124,114,22,16,184,235,0,6,2,16,4
105,42,75,74,24,18,87,97,2,8,0,8,0
334,108,471,379,142,92,883,926,2,36,0,46,56
254,104,229,180,88,60,328,296,4,44,0,48,0
493,96,898,737,364,130,2100,2073,2,348,36,250,144
76,32,59,38,24,18,78,74,0,16,0,22,0
258,82,330,292,114,62,638,682,2,42,4,38,24
696,110,1572,1200,708,132,4405,4013,0,1242,56,936,192
465,66,1074,914,518,78,3413,3072,0,884,20,668,128
98,40,68,65,24,18,75,88,2,8,0,10,0
192,56,229,204,72,26,434,471,0,36,2,42,8
105,40,81,77,18,14,95,135,0,4,0,12,0
185,30,304,291,148,24,746,804,0,148,4,100,64
1529,254,2549,2310,1178,130,6578,5997,0,1258,38,1024,52
91,26,132,94,48,30,199,223,2,40,8,20,20
128,48,74,89,16,12,91,110,0,6,0,8,0
97,40,61,66,24,18,87,79,0,8,0,8,0
90,36,48,59,16,12,47,65,0,0,0,2,0
305,48,561,436,246,94,1254,1337,0,256,46,158,68
91,36,55,60,16,12,55,72,0,2,0,4,0
83,24,111,37,24,26,89,109,0,26,10,20,8
56,14,44,56,14,4,73,106,0,0,0,0,16
238,24,451,298,206,92,757,823,0,232,64,128,16
104,42,74,76,24,18,79,93,2,6,0,4,0
1043,170,1675,1463,876,162,4081,3693,0,1236,28,912,56
24,14,18,9,16,12,4,3,2,2,0,0,0
473,32,1728,944,952,160,7166,4113,0,4254,166,3074,8
184,8,513,341,286,48,1408,1081,0,616,32,440,52
201,74,131,161,24,18,179,238,0,6,0,14,0
378,76,455,476,192,58,833,1034,0,80,16,60,32
181,24,374,209,164,76,676,716,0,156,44,98,24
128,50,80,90,24,18,106,120,0,8,0,10,0
32,16,28,10,16,12,12,10,0,0,0,4,0
108,28,129,118,42,20,240,268,0,4,0,16,4
12,8,6,3,8,6,0,0,0,0,0,0,0
178,18,288,269,156,16,660,565,0,198,6,146,4
177,66,151,130,52,40,216,254,0,34,0,34,4
7,0,6,4,4,0,2,4,0,0,0,0,0
222,46,273,280,110,26,512,598,0,90,6,62,16
121,52,77,79,40,30,102,83,2,14,0,8,0
280,66,366,336,112,44,719,885,0,48,10,54,32
297,118,221,210,86,60,334,306,2,42,2,40,0
135,50,182,136,66,38,336,263,4,32,6,18,4
177,30,416,321,194,54,1200,1089,2,280,8,208,80
178,22,353,190,144,80,564,632,0,160,48,90,12
108,44,87,67,32,24,139,123,0,22,0,32,0
101,26,147,87,50,24,239,219,0,50,10,34,8
430,90,624,550,236,96,1223,1435,0,134,24,98,28
129,24,220,137,78,44,412,410,0,92,28,56,8
539,160,740,684,262,120,1720,1793,4,126,2,106,72
105,28,75,111,20,0,152,202,0,0,0,6,12
49,22,33,25,16,12,22,27,0,2,0,2,0
287,44,567,412,246,96,1120,1221,2,272,44,180,104
46,8,61,42,22,12,72,90,0,6,6,0,0
103,42,63,65,24,18,66,79,0,6,0,4,0
284,56,512,362,188,90,989,1030,2,144,34,94,12
50,10,73,47,26,14,105,115,0,16,8,6,24
106,22,147,78,52,30,203,231,0,82,18,50,4
506,106,1066,753,396,154,2566,2595,2,388,74,320,60
33,2,39,35,20,4,50,69,0,16,0,12,0
12,8,6,3,8,6,0,0,0,0,0,0,0
24,14,18,9,16,12,4,3,2,2,0,0,0
44,20,36,27,16,12,44,12,0,4,0,4,0
141,54,145,119,52,34,237,247,4,26,2,32,8
459,114,528,492,236,70,1035,885,0,134,10,84,8
43,12,57,21,12,16,60,54,0,6,6,6,0
109,46,99,80,40,30,133,111,0,4,0,20,0
301,96,328,304,78,48,673,737,0,42,4,56,20
232,94,258,143,112,66,257,266,2,22,4,32,0
78,32,79,72,32,24,123,108,4,16,0,10,16
73,30,47,48,18,12,49,56,0,2,0,2,0
177,72,123,128,48,36,152,153,4,18,0,10,0
378,46,687,671,322,76,1669,1928,0,300,12,222,100
109,42,71,84,16,12,87,107,0,2,0,4,0
85,36,55,54,24,18,54,63,2,6,0,4,0
98,18,158,115,60,24,282,289,0,54,6,40,16
60,26,32,38,16,12,39,32,0,2,0,2,0
63,28,51,32,24,18,40,44,0,4,0,6,0
54,24,30,31,16,12,26,30,0,2,0,0,0
74,30,54,51,16,12,63,70,0,4,0,6,0
189,38,246,214,88,42,414,519,0,50,12,40,20
1495,250,2424,2293,1094,200,5795,6280,0,1074,70,824,128
133,34,194,170,72,36,407,441,0,44,8,24,32
302,44,600,539,280,42,1636,1719,0,352,8,288,32
36,18,22,18,16,12,18,13,0,2,0,0,0
193,48,270,230,84,44,491,605,0,36,10,20,64
91,36,51,58,16,12,54,71,0,4,0,4,0
214,34,398,254,166,62,697,725,0,146,24,96,16
101,8,163,116,72,36,235,315,0,48,16,24,16
197,62,227,210,66,36,434,544,2,34,4,48,4
46,22,47,20,24,18,33,23,2,8,0,8,0
640,164,1002,812,396,140,2314,2126,2,314,36,260,32
547,56,1101,718,512,228,2087,2140,0,640,130,390,24
569,64,1060,1046,538,70,2875,2966,0,602,34,442,128
110,44,72,78,24,18,86,105,0,4,0,8,0
205,38,382,234,136,76,739,737,0,180,60,110,8
243,80,327,288,98,54,661,681,4,40,4,46,20
92,36,64,66,16,12,84,100,0,6,0,10,0
98,40,66,69,24,18,73,71,2,6,0,4,0
597,134,961,846,338,140,2083,2396,0,186,26,158,120
212,60,334,287,106,44,790,754,0,46,10,46,32
80,36,62,52,32,24,79,69,2,12,0,8,0
661,202,952,818,364,132,2279,2204,10,282,6,248,40
132,42,134,139,32,12,232,272,0,4,2,10,24
39,18,36,14,16,12,30,21,0,8,0,10,0
111,44,75,72,24,18,94,102,0,10,0,12,0
465,100,876,567,314,112,1770,1617,0,334,74,240,28
260,88,256,236,84,44,436,468,0,32,2,40,12
338,62,566,412,228,100,1012,1064,0,190,48,110,16
83,12,116,110,50,14,207,228,0,16,0,12,0
884,80,2090,1656,1068,218,5918,5542,0,1758,158,1248,192
74,30,52,49,16,12,68,71,0,6,0,10,0
171,40,410,199,174,40,957,689,0,280,20,204,16
93,36,77,68,28,22,104,112,0,8,0,10,0
221,64,283,248,106,26,525,514,0,58,12,36,24
37,18,27,20,16,12,38,10,0,4,0,6,0
133,28,155,141,48,22,226,319,0,14,6,8,16
49,22,31,27,16,12,41,30,0,6,0,6,0
155,60,113,118,34,24,146,167,2,12,0,10,0
198,78,114,142,40,30,146,166,0,10,0,4,0
231,70,314,268,80,48,562,660,0,18,4,30,32
263,32,421,372,196,40,796,804,0,162,18,110,28
316,108,326,279,82,58,498,516,2,26,6,34,0
273,104,171,205,48,36,232,271,2,18,0,16,0
170,60,192,185,72,36,329,374,6,26,4,18,24
104,40,66,70,16,12,78,97,0,4,0,10,0
91,40,89,52,40,30,97,87,2,20,0,18,0
55,24,37,32,16,12,31,30,0,2,0,2,0
90,26,99,98,18,4,161,225,0,2,2,10,12
347,2,775,760,496,26,2322,2089,0,1056,0,792,116
66,28,36,42,16,12,37,39,0,0,0,2,0
424,86,654,638,222,78,1483,1889,0,118,26,106,68
49,22,33,25,16,12,22,27,0,2,0,2,0
94,42,80,63,40,30,103,93,2,12,0,12,0
373,68,644,534,264,94,1366,1487,0,248,40,164,32
698,118,1196,997,506,140,2648,2749,0,424,48,320,32
343,72,538,480,190,66,1144,1336,0,112,28,84,64
494,76,834,733,344,112,1760,2004,0,256,48,184,80
32,16,28,10,16,12,12,10,0,0,0,4,0
79,34,55,53,24,18,64,55,0,4,0,4,0
305,50,475,369,194,80,873,923,0,188,52,110,8
122,50,80,77,32,24,99,103,0,12,0,10,0
79,32,49,52,16,12,56,64,0,2,0,6,0
73,30,43,43,16,12,38,50,0,2,0,4,0
308,94,389,328,74,44,630,724,0,18,14,32,4
32,16,28,10,16,12,12,10,0,0,0,4,0
187,60,257,195,76,44,490,470,0,24,0,44,16
105,42,71,65,24,18,69,85,0,8,0,6,0
84,34,81,64,28,18,122,96,0,10,0,14,0
269,84,370,326,126,66,782,772,2,40,8,24,20
109,14,181,155,82,18,364,370,0,80,0,62,8
72,30,36,46,16,12,46,46,0,4,0,2,0
239,72,441,329,130,72,1047,1046,2,56,18,58,56
49,24,39,32,24,18,51,25,2,6,0,6,0
443,106,837,678,332,96,2064,1960,8,284,20,182,148
67,28,43,42,16,12,47,55,0,4,0,4,0
304,68,450,386,150,58,853,997,0,74,20,50,84
346,18,543,562,296,50,1165,1269,0,332,12,242,16
67,8,132,68,60,26,200,181,0,72,24,36,0
177,64,131,135,34,24,161,199,2,10,2,12,0
129,52,89,91,32,24,137,134,0,14,0,18,0
287,100,301,246,58,44,408,449,0,16,10,30,0
244,78,297,285,94,50,573,647,2,22,6,22,28
145,54,119,113,28,18,182,192,0,14,0,26,0
138,50,88,104,18,16,100,149,2,4,0,6,8
190,72,165,155,44,32,225,242,0,12,0,22,0
61,26,39,36,16,12,43,46,0,4,0,6,0
827,120,1414,1404,700,130,3590,3895,0,704,30,534,96
459,82,910,751,350,100,2379,2415,0,322,50,252,100
1006,166,1935,1673,916,232,5235,5042,2,1380,82,1002,84
188,60,279,219,98,54,576,502,0,34,10,24,24
56,4,130,49,56,40,196,188,0,76,28,36,0
277,16,650,597,354,58,1922,1898,0,512,16,378,104
158,16,360,234,156,70,762,767,0,192,32,128,56
587,162,905,793,346,148,2146,2260,6,290,18,244,104
102,16,142,104,56,24,185,264,0,40,16,20,8
409,58,765,762,358,80,2028,2275,0,298,12,214,132
61,26,39,37,16,12,43,47,0,4,0,4,0
73,30,47,50,16,12,55,49,0,2,0,4,0
355,76,683,635,258,74,2001,2180,0,194,12,168,188
126,48,103,89,28,18,132,148,0,10,0,20,0
49,22,31,25,16,12,32,28,0,4,0,6,0
81,30,104,53,26,22,141,137,0,18,4,28,0
140,48,179,118,42,34,236,280,0,10,0,26,0
55,22,75,24,28,14,67,50,0,12,4,14,0
128,22,259,130,114,70,427,386,2,124,34,64,8
182,56,219,195,86,42,456,522,2,48,2,54,28
104,44,74,71,32,24,110,81,0,10,0,12,0
288,36,622,514,276,78,1673,1792,0,280,40,196,60
100,26,112,109,22,14,176,241,0,0,0,8,16
452,12,1434,999,864,110,6115,3609,0,3650,130,2640,32
124,48,85,79,24,18,105,119,0,14,0,20,0
112,44,86,87,24,18,108,115,0,4,0,8,0
81,34,63,53,24,18,68,71,2,8,0,8,0
12,8,6,3,8,6,0,0,0,0,0,0,0
46,22,47,20,24,18,33,23,2,8,0,8,0
32,16,28,10,16,12,12,10,0,0,0,4,0
296,114,202,203,60,42,307,322,0,28,0,54,0
149,56,100,98,24,18,140,160,0,18,0,28,0
100,40,78,64,26,20,82,88,0,8,0,10,0
85,36,53,51,24,18,56,58,0,8,0,2,0
91,36,51,59,16,12,57,74,0,4,0,4,0
279,108,284,222,112,70,456,392,4,46,2,56,0
42,20,26,22,16,12,16,18,0,0,0,0,0
258,30,500,374,214,90,981,1135,0,216,48,132,60
126,50,100,91,34,24,157,144,0,16,0,22,0
74,30,46,41,16,12,46,55,0,6,0,8,0
39,18,36,14,16,12,30,21,0,8,0,10,0
179,64,190,164,50,38,288,313,0,12,2,22,8
37,18,27,20,16,12,38,10,0,4,0,6,0
24,14,18,9,16,12,4,3,2,2,0,0,0
132,50,115,84,42,28,130,139,0,14,0,16,0
471,112,688,568,262,110,1365,1561,0,152,26,114,64
98,0,247,166,142,34,581,424,0,292,12,210,12
203,38,357,267,140,48,750,684,0,122,18,90,24
231,72,380,288,126,48,880,804,0,42,10,58,40
152,60,100,109,32,24,115,149,2,10,0,8,0
394,50,705,588,322,54,1467,1493,0,320,6,246,36
131,52,108,96,34,26,143,160,2,16,0,22,0
69,26,67,50,22,18,95,82,0,8,0,8,0
369,138,312,299,98,64,425,475,6,34,0,32,4
224,78,226,201,56,36,364,422,0,16,2,34,12
133,36,163,135,48,22,281,268,0,16,2,16,0
75,34,61,45,32,24,79,50,0,8,0,10,0
218,64,333,268,88,50,671,796,0,22,4,48,28
333,26,644,444,298,148,1061,1259,0,282,82,154,24
514,58,1045,661,458,226,1904,2070,0,502,138,286,60
224,30,526,409,260,54,1602,1319,0,534,14,392,64
209,26,403,339,178,60,923,995,0,170,26,112,68
381,116,468,432,144,62,955,1029,2,40,2,56,44
96,20,151,98,56,34,231,253,0,24,10,10,0
81,30,63,53,14,8,78,84,0,6,2,12,0
236,52,390,312,168,68,938,850,0,140,24,100,16
38,20,36,17,24,18,12,10,4,4,0,0,0
70,30,65,49,26,18,80,70,2,10,0,8,0
190,60,252,201,76,48,455,469,0,18,0,30,20
142,32,264,125,86,54,426,477,0,46,22,40,12
163,58,148,139,34,26,212,258,0,10,0,16,4
142,16,248,166,104,58,392,470,0,96,32,48,0
785,176,1473,1018,606,204,3590,3177,6,918,148,636,112
128,54,143,115,56,42,243,205,4,26,0,30,0
57,26,48,30,24,18,58,41,0,12,0,10,0
344,52,626,572,286,50,1934,1902,0,552,8,428,16
284,58,406,392,164,46,934,964,0,132,8,98,24
203,36,346,262,154,52,646,665,2,128,32,66,24
194,24,332,228,140,62,530,622,0,126,30,74,16
1623,260,3396,3110,1570,350,10327,10800,2,2082,126,1520,356
140,62,102,98,56,42,140,108,2,18,0,6,0
54,10,80,36,42,0,104,47,0,40,0,30,0
105,44,75,63,32,24,71,81,0,6,0,6,0
525,98,1006,885,414,36,2828,2951,0,544,8,486,84
316,52,616,496,246,54,1460,1588,0,250,18,210,52
291,28,487,486,260,16,1198,1130,0,314,2,240,8
500,96,767,718,322,108,1724,1937,2,256,26,176,52
606,98,1262,974,544,182,3164,3120,2,760,112,506,96
638,86,1470,1200,692,160,4320,3889,0,1136,58,828,160
196,76,146,153,56,38,203,221,2,14,0,8,4
201,74,182,155,64,36,302,227,0,18,0,24,0
227,68,265,233,98,62,459,588,0,46,4,26,16
73,34,51,43,32,24,65,40,2,12,0,6,0
76,34,63,40,32,24,102,66,0,20,0,24,0
199,26,295,276,136,30,567,682,0,108,20,66,20
354,42,808,707,406,44,2489,2401,0,738,10,564,184
80,20,142,69,44,26,204,197,0,52,20,36,0
209,80,145,156,40,30,193,219,0,16,0,16,0
115,44,73,89,16,12,90,115,0,4,0,2,0
597,116,999,785,392,160,2181,2208,0,412,92,266,32
135,52,85,91,24,18,90,117,0,6,0,8,0
544,196,555,479,160,100,921,915,4,66,0,88,0
97,40,59,65,24,18,71,77,0,6,0,4,0
355,124,434,330,138,88,706,727,2,52,8,52,0
49,22,35,29,16,12,36,34,0,2,0,4,0
72,30,38,45,16,12,36,46,0,2,0,0,0
76,32,63,43,24,18,67,61,0,12,0,12,0
336,24,1020,791,564,72,3594,2809,0,1404,20,1052,92
36,18,22,18,16,12,18,13,0,2,0,0,0
119,46,99,90,26,20,136,154,0,10,0,18,0
390,74,734,608,324,114,1790,1914,4,350,34,230,136
208,40,319,250,108,56,616,700,0,88,24,60,8
112,50,118,74,64,48,174,128,8,56,12,60,24
336,56,704,578,288,86,1827,1797,0,382,38,270,132
295,64,469,414,162,52,1053,1179,0,116,14,104,80
823,242,1243,1058,362,188,2683,2905,2,122,24,132,132
56,24,42,35,16,12,55,46,0,6,0,8,0
138,40,193,158,50,28,360,395,0,8,4,16,12
262,62,346,316,118,46,632,743,2,60,18,40,28
129,20,190,140,84,32,252,327,0,52,10,34,8
288,60,440,347,162,74,773,898,2,138,40,84,40
49,22,33,25,16,12,22,27,0,2,0,2,0
64,28,57,39,24,18,80,63,0,12,0,16,0
127,48,73,85,16,12,64,106,0,2,0,2,0
74,32,54,48,24,18,55,47,0,0,0,6,0
314,94,397,369,136,64,848,889,0,38,0,42,36
310,76,363,346,128,62,646,796,0,46,10,36,12
301,22,522,493,280,50,1098,1155,0,256,16,180,40
417,28,877,718,450,104,2050,1917,0,596,60,414,40
921,156,1582,1501,758,130,4035,4217,4,682,12,540,148
116,46,74,77,24,18,95,105,0,8,0,12,0
171,64,107,120,24,18,133,170,0,8,0,16,0
269,30,410,398,202,54,849,918,0,190,16,132,8
164,64,100,122,32,24,136,146,0,8,0,8,0
56,24,38,28,16,12,38,37,0,6,0,8,0
185,58,280,238,102,54,671,589,0,34,0,30,16
163,62,165,133,54,32,257,235,2,18,2,30,0
315,116,276,258,86,60,470,460,0,52,0,50,0
126,50,151,87,58,44,222,164,4,38,0,32,0
243,52,417,307,138,48,871,886,0,86,14,86,48
32,4,62,17,24,20,76,58,0,28,12,12,0
369,114,486,382,170,96,860,886,2,72,4,50,12
76,40,72,34,48,36,24,20,8,8,0,0,0
229,90,228,195,90,60,356,304,4,30,0,22,0
32,16,28,10,16,12,12,10,0,0,0,4,0
111,48,78,71,40,30,116,89,2,20,0,18,0
409,96,714,577,258,90,1689,1729,0,230,20,190,136
282,96,320,318,114,58,667,693,4,44,0,34,24
115,44,65,77,16,12,64,97,0,4,0,2,0
152,18,251,187,108,48,417,475,0,86,22,52,16
271,90,346,285,106,78,644,695,6,54,2,48,20
322,96,488,354,162,80,916,984,10,136,36,122,60
232,82,328,218,106,74,535,508,12,54,10,50,8
133,52,112,99,34,24,135,148,2,12,0,14,0
312,8,1011,652,588,94,3574,2385,0,1970,130,1380,28
102,34,81,87,34,20,141,142,0,12,0,14,0
116,36,145,116,34,22,228,254,0,4,2,8,8
426,148,612,486,224,126,1264,1223,10,64,8,68,24
54,24,32,34,16,12,37,34,0,2,0,2,0
371,134,346,328,112,72,572,604,2,34,0,44,16
446,84,783,565,308,138,1498,1572,2,246,66,152,20
125,40,121,113,32,14,196,170,0,2,0,8,4
318,118,200,229,48,36,258,333,0,20,0,28,0
32,16,28,10,16,12,12,10,0,0,0,4,0
32,16,28,10,16,12,12,10,0,0,0,4,0
97,38,57,65,16,12,59,73,0,4,0,2,0
751,118,1713,1468,836,116,5536,5110,2,1600,46,1174,216
139,54,108,90,32,24,168,181,0,26,0,38,0
386,66,843,629,338,124,2194,2092,0,408,78,270,80
81,10,125,86,52,28,173,202,0,34,10,18,0
546,54,938,863,484,80,2228,2129,0,558,22,408,32
32,16,28,10,16,12,12,10,0,0,0,4,0
151,52,225,185,86,50,515,407,4,38,6,22,16
37,18,27,20,16,12,38,10,0,4,0,6,0
92,36,56,57,16,12,59,76,0,4,0,8,0
170,44,261,201,96,48,525,521,0,68,14,40,24
60,20,73,43,26,10,95,79,0,16,4,12,0
136,22,195,199,86,30,411,490,0,58,2,36,32
12,8,6,3,8,6,0,0,0,0,0,0,0
122,50,84,88,32,24,119,119,0,10,0,12,0
79,38,51,39,32,24,42,35,0,6,0,2,0
514,104,852,721,370,34,2231,1888,0,396,20,326,12
50,22,38,28,16,12,46,40,0,6,0,8,0
261,104,288,192,112,72,535,437,0,74,0,104,16
127,54,106,77,48,36,144,124,0,20,0,26,0
164,64,137,113,46,32,169,158,0,14,0,20,0
112,44,92,81,28,20,108,109,2,10,0,8,0
748,104,1395,1348,658,110,3549,3821,0,606,20,460,152
253,96,147,188,40,30,191,235,0,10,0,8,0
32,16,28,10,16,12,12,10,0,0,0,4,0
801,208,1293,1147,470,140,3275,3457,4,418,32,394,64
320,64,516,468,188,50,1197,1281,0,116,20,92,48
148,60,106,102,40,30,123,124,2,16,0,6,0
103,40,61,71,16,12,75,93,0,4,0,8,0
133,40,188,141,52,32,322,345,0,16,4,20,4
526,62,818,719,386,94,1594,1652,0,308,36,222,64
32,4,46,25,20,12,56,72,0,24,8,12,0
170,26,261,225,128,16,661,502,0,152,4,120,4
919,320,1149,857,354,264,1837,2018,18,148,6,172,44
155,54,166,157,34,20,276,308,0,2,0,22,0
56,24,38,28,16,12,38,37,0,6,0,8,0
24,14,18,9,16,12,4,3,2,2,0,0,0
143,48,190,138,74,38,341,275,0,20,2,10,0
256,92,275,245,106,62,493,410,6,50,0,16,0
127,54,83,88,40,30,115,94,2,12,0,10,0
193,68,218,188,62,40,341,363,2,10,2,16,0
63,28,46,29,24,18,65,53,0,16,0,18,0
532,74,1019,845,470,78,2434,2467,0,508,24,390,48
127,6,275,243,162,12,702,689,0,272,0,204,24
268,100,259,214,92,70,393,371,8,74,12,74,28
231,66,357,307,110,52,850,913,0,32,0,52,44
32,16,28,10,16,12,12,10,0,0,0,4,0
44,20,32,19,16,12,42,36,0,8,0,12,0
68,30,54,45,24,18,55,53,2,6,0,4,0
250,108,198,160,80,60,220,214,0,12,0,28,0
584,160,973,870,346,122,2599,2770,6,206,6,216,128
24,14,18,9,16,12,4,3,2,2,0,0,0
229,68,335,280,102,48,745,783,0,34,6,48,52
74,16,118,73,46,12,176,182,0,46,14,24,20
168,70,132,123,56,42,165,152,4,16,0,12,0
76,32,62,47,24,18,60,58,0,4,0,8,0
96,6,188,176,96,26,395,437,0,72,0,54,24
652,118,1208,1122,474,124,3025,3411,0,436,60,304,116
32,16,28,10,16,12,12,10,0,0,0,4,0
230,48,443,337,156,66,996,1153,0,132,16,118,80
345,102,541,458,178,92,1272,1274,4,74,2,82,56
172,18,336,287,164,44,801,786,0,204,12,144,76
42,0,65,73,42,2,146,133,0,48,0,36,12
184,34,339,222,146,74,609,619,2,148,44,72,32
225,90,207,168,78,66,270,229,4,34,0,18,0
105,42,73,69,24,18,81,94,0,2,0,12,0
220,90,183,146,68,48,220,221,0,18,0,26,0
152,46,211,172,58,32,400,408,0,18,6,26,8
279,106,181,209,48,36,218,294,2,16,0,12,0
292,64,402,379,156,60,802,928,2,106,20,60,24
217,62,323,224,116,56,573,581,4,92,10,80,8
62,28,50,40,24,18,59,52,2,8,0,8,0
44,20,34,23,16,12,44,27,0,6,0,8,0
188,62,185,159,50,32,252,279,0,10,2,18,0
137,44,172,155,64,26,380,334,0,18,4,16,4
68,28,44,39,16,12,53,52,0,6,0,10,0
227,64,295,233,108,40,557,488,0,94,2,72,0
111,38,97,88,26,20,147,173,0,12,0,16,0
118,32,182,114,76,32,312,276,0,60,20,28,0
49,24,36,28,24,18,34,21,2,6,0,0,0
77,18,93,84,26,10,148,190,0,0,0,6,16
55,26,41,30,24,18,31,31,2,6,0,2,0
103,42,91,64,32,24,135,120,0,24,0,30,0
103,40,61,72,16,12,72,88,0,2,0,6,0
345,48,536,558,256,22,1356,1421,0,252,2,182,16
74,30,50,45,16,12,63,72,0,6,0,12,0
311,36,548,548,274,46,1364,1550,0,248,10,194,56
61,26,39,36,16,12,43,46,0,4,0,6,0
133,46,173,127,38,30,266,274,0,12,6,20,0
208,88,196,178,128,76,314,258,8,40,0,0,0
589,72,962,920,462,52,2159,2259,0,414,16,322,44
93,38,67,61,24,18,97,87,0,12,0,14,0
62,22,48,44,12,8,60,76,0,2,0,8,4
33,16,30,6,16,12,36,27,0,12,0,18,0
74,30,46,41,16,12,46,55,0,6,0,8,0
294,64,491,414,178,66,1113,1167,0,132,26,102,44
229,92,240,178,90,66,361,322,4,38,0,52,4
90,38,83,66,32,24,131,118,2,20,0,22,0
172,62,204,149,66,38,320,296,2,30,8,34,8
126,38,178,119,72,42,265,279,4,46,12,22,8
79,30,53,58,18,12,62,80,0,4,0,2,8
37,18,27,20,16,12,38,10,0,4,0,6,0
281,36,560,448,250,86,1245,1347,0,248,18,176,76
391,130,410,371,114,66,707,777,2,38,0,66,16
39,18,36,14,16,12,30,21,0,8,0,10,0
188,66,178,159,46,38,250,295,0,10,2,18,0
109,42,65,76,16,12,79,97,0,4,0,8,0
182,32,236,273,84,24,494,678,0,0,0,4,56
86,34,58,59,16,12,67,69,0,4,0,6,0
901,278,1261,1095,362,186,2704,3035,4,104,26,178,132
134,46,146,115,42,28,218,210,2,18,2,12,0
67,28,41,44,16,12,48,41,0,4,0,2,0
52,24,50,33,24,18,56,20,0,0,0,8,0
49,22,33,25,16,12,22,27,0,2,0,2,0
80,32,60,62,16,12,76,84,0,4,0,4,0
158,32,229,178,104,46,396,404,2,98,26,52,0
79,32,45,47,16,12,40,57,0,4,0,2,0
32,16,28,10,16,12,12,10,0,0,0,4,0
60,26,32,37,16,12,40,37,0,4,0,2,0
135,52,109,118,38,26,172,160,2,14,0,2,0
241,30,408,293,168,78,652,780,0,136,40,82,12
183,44,296,211,126,56,565,546,2,124,20,74,8
37,18,27,20,16,12,38,10,0,4,0,6,0
214,74,180,162,50,42,237,281,0,14,0,8,0
12,8,6,3,8,6,0,0,0,0,0,0,0
193,52,262,184,96,20,389,420,0,72,18,52,4
39,18,36,14,16,12,30,21,0,8,0,10,0
50,22,40,33,16,12,50,29,0,4,0,4,0
68,28,50,47,16,12,67,67,0,6,0,8,0
248,42,711,440,280,96,2082,1787,0,548,84,382,132
104,42,68,67,24,18,82,80,0,8,0,8,0
688,90,1471,1153,726,162,3883,3524,0,1242,90,884,124
64,26,65,45,30,20,105,67,0,16,0,10,4
53,24,52,25,24,18,72,49,0,12,0,22,0
104,40,72,79,16,12,98,122,0,6,0,10,0
451,72,745,547,326,154,1282,1499,0,270,64,164,0
61,28,39,34,24,18,58,28,0,10,0,6,0
39,18,36,14,16,12,30,21,0,8,0,10,0
383,54,837,605,360,136,1921,1967,0,408,86,242,64
198,72,150,144,36,30,184,218,0,14,0,16,0
24,14,18,9,16,12,4,3,2,2,0,0,0
32,16,28,10,16,12,12,10,0,0,0,4,0
358,112,520,388,116,82,976,1060,0,40,12,84,4
75,32,57,43,24,18,69,61,0,10,0,10,0
268,120,240,168,112,84,294,246,4,28,0,44,0
115,38,168,102,46,28,268,254,0,16,2,32,0
146,56,92,104,24,18,115,133,0,8,0,8,0
184,74,126,130,48,36,173,174,0,16,0,14,0
295,64,408,375,172,48,889,996,0,168,0,146,36
