226,6,3885,102,2550,2,34854,17004,0,43936,0,32956,0
3336,6,255792,2520,170362,8,10046830,4974274,0,13236736,0,9927558,0
2105,28,71826,5755,47640,70,1766570,836865,0,2187102,38,1640330,192
267654,206,191281608,214870,127480790,218,69252457064,34589482832,0,92180389222,1308,69135294086,488
12632,20,1764585,27024,1175620,38,133536319,65770684,0,175085226,10,131313944,40
169799,122,95046503,209422,63344444,372,27258073027,13600997558,0,36245859476,484,27184396526,852
6606,24,605547,10803,403072,200,31426364,15498701,0,41145444,580,30858680,440
1870469,160,3588788959,1427534,2392438808,578,3458809261430,1728728937110,0,4609601707370,954,3457201284062,892
507676,62,507515665,225193,338330136,52,254601621175,127245311012,0,339292826216,24,254469619990,104
2558,24,110720,5134,73432,48,3212152,1559924,0,4094784,16,3071106,76
94896,18,41149393,7402,27430604,0,8908923741,4453665952,0,11874429514,2,8905822182,0
41266,118,10539975,62302,7020112,494,1443637397,718387158,2,1911992874,2090,1433992892,1180
313,16,3597,503,2288,4,27037,12159,0,27874,10,20922,8
483,2,12229,599,8148,4,172816,82649,0,219256,0,164442,0
940945,162,1282702868,521152,855067864,176,876916969337,438283704664,2,1168571487526,590,876428615468,220
60,0,357,63,238,0,1297,503,0,1288,0,966,0
8168,24,808283,24431,538174,50,47266218,23001136,0,61073054,6,45804828,160
26799,38,5922353,28439,3945704,46,671191742,334062846,0,889633658,66,667225392,92
29992,30,5605550,26149,3733322,3204,551207109,275031235,0,731174296,58192,548337174,1136
21220,40,4058537,34958,2703516,116,406193012,201473592,0,536303920,72,402228044,328
1970,10,41691,7037,27718,18,882098,393477,0,999186,2,749388,28
71230,144,20900007,166532,13926228,376,3583249233,1780468331,0,4742306402,418,3556729546,872
460,0,12215,302,8142,2,168636,82358,0,219256,0,164442,0
8925,42,999010,23658,664300,58,62855645,30766938,0,81523894,38,61143198,92
18113,52,2927261,29103,1949652,154,261003494,129541067,0,344616224,74,258461926,632
1092,18,33467,1698,22164,12,635695,306975,0,802140,4,601614,24
1962,26,84170,3261,55720,14,2236977,1087305,0,2847548,20,2135698,24
237,2,4580,44,3040,0,43550,21588,0,57000,0,42750,0
1081,20,27185,2053,17928,12,471155,223909,0,574476,4,430864,36
15779,44,2588821,16156,1723934,30,221757560,110255911,0,293302452,12,219976764,16
10774,56,1265743,19708,842670,200,85139203,42042980,0,111768996,292,83826622,240
2298,4,63722,8673,42402,8,1584900,714566,0,1847280,0,1385462,52
2743,12,101494,7710,67550,4,2921961,1380235,0,3629792,0,2722344,24
2481284,230,5492444702,1520074,3661486602,2478,6100409903317,3049375696014,0,8131032034956,25936,6098274011852,1380
197933,78,122048707,130416,81351412,104,38038195231,18999571192,0,50647189954,74,37985393442,140
66,0,501,54,334,0,2216,1030,0,2640,0,1980,0
9323,68,1073766,14912,713764,66,68377686,33777913,0,89570198,782,67177328,84
482,8,6178,1031,4078,8,65028,29194,0,73090,2,54816,16
3003,8,167690,4803,111678,22,5654136,2759746,0,7326402,2,5494802,36
203017,42,128610349,56762,85732544,12,40779130433,20380591072,0,54338455456,8,40753841878,4
5495,10,444787,15400,296370,14,21460450,10407091,0,27655280,0,20741462,96
87707,104,29902252,226611,19928760,238,5791867455,2877572208,0,7667386260,44,5750540036,1248
556,0,16407,423,10938,0,252225,123038,0,327400,0,245550,0
2949,8,166188,2593,109804,1234,5028848,2486829,0,6563422,13086,4912752,0
131,0,1686,108,1124,0,11686,5509,0,14560,0,10920,0
679254,222,776328230,751272,517481554,324,448956499604,224267788214,0,597880791612,500,448410600798,716
395,4,2797,874,1842,14,18515,8493,0,17708,4,13278,24
10230,46,1233767,19818,820816,44,82507385,40673730,0,107943408,22,80957524,112
13392,88,1929145,20310,1281922,228,149622320,74180005,0,196497684,454,147372988,396
3580,18,239892,5810,159634,124,9203966,4505488,0,11966832,248,8974946,52
9110,44,881526,19260,586738,110,51803487,25527412,0,67758244,36,50818760,392
30774,86,6835194,43665,4552594,268,811071493,403271987,0,1073363914,690,805022742,348
4363,6,266597,10500,177636,26,10469401,5049960,0,13411618,10,10058706,8
309,6,2924,657,1920,10,24141,10412,0,24816,0,18612,4
854,2,23231,335,15066,600,317706,159898,0,408400,4600,302850,0
41510,38,9335067,21036,6210472,15488,1100060349,549309763,0,1461281080,633816,1095485570,0
14958,24,1745498,28730,1161122,2380,109950542,54377191,0,144004684,36756,107975992,216
182,0,2921,78,1946,2,23864,11730,0,31016,0,23262,8
16073,4,2776024,6983,1850554,8,243175708,121288315,0,323378330,2,242533746,12
186,6,2410,192,1582,0,18962,8870,0,22568,0,16928,0
1775,10,69552,921,45528,1054,1367797,684449,0,1770500,10788,1319792,0
14591,16,1925632,19692,1281100,2984,136747716,67838079,0,180213400,52472,135120724,664
140969,108,71966136,126594,47966226,274,18792157492,9380919296,0,25004274670,768,18753205188,308
26942,44,4315902,26124,2867404,11146,349388170,174205107,0,461604718,385022,345914996,32
338,6,4904,567,3240,6,49453,22573,0,57746,2,43310,16
23623,12,4900776,29266,3266590,12,522152545,259559476,0,691830282,2,518872722,32
76,2,497,66,324,0,2069,1011,0,2360,0,1770,0
12610,4,1793501,26480,1195510,66,137117880,67622161,0,180182738,26,135137034,144
502,4,7602,1305,5018,12,90293,40200,0,99616,0,74712,44
120,0,1380,120,920,0,8986,4169,0,10928,0,8196,4
852608,228,1085925657,1209329,723884848,904,702537845855,350890996350,0,935534099070,1582,701650578234,2636
8412,10,912630,23313,608230,26,55845627,27251914,0,72543024,8,54407264,48
9942,44,1083357,19950,721030,108,68949411,33980598,0,90212108,44,67659168,308
3320,36,124677,11432,82438,28,3434694,1598950,0,4116862,14,3087734,108
1551,8,42020,4552,27910,48,848115,391286,0,1012530,18,759386,188
553,2,14998,284,9998,0,219792,108150,0,287856,0,215892,0
103,0,714,125,476,0,3549,1622,0,3992,0,2994,0
147,6,964,263,620,0,5030,2124,0,4408,0,3310,0
835,0,25968,1190,17308,6,466707,223806,0,593376,0,445032,20
32728,116,5553242,109244,3697174,182,594130665,291902337,0,775599802,82,581700572,456
24585,48,3820035,21567,2540250,6164,304137832,151773168,0,402400972,157236,301682928,8
2493,8,116704,2417,76930,1134,2857077,1415323,0,3702108,11972,2767612,128
135,4,1175,137,764,0,6498,3029,0,7200,0,5402,4
1591,2,83179,967,55412,6,2223512,1100108,0,2927160,0,2195370,24
5162,30,441994,7156,293758,28,20872510,10298878,0,27271636,12,20453816,80
5680,12,401691,20774,267496,104,18464457,8818269,0,23363846,62,17522846,240
4191,28,275628,6810,183176,30,10746824,5259005,0,13908816,8,10431668,60
196,2,2957,198,1970,0,25193,11690,0,31056,0,23292,0
11199,210,1119942,7656,738844,16,57101523,28583900,0,75206230,285386,56190622,0
2580,30,122534,5749,81342,50,3708718,1790958,0,4712910,14,3534694,176
12944,40,1728893,38844,1150858,176,130480598,63895244,0,169747446,126,127310678,212
403,0,9845,386,6562,2,127825,61626,0,163800,0,122850,0
2085,12,108176,3365,71916,22,3195635,1558922,0,4121568,0,3091188,60
36676,54,9405898,38209,6266416,104,1243894708,619590043,0,1649972612,372,1237479528,268
244,2,4052,174,2698,0,37548,18127,0,47952,0,35964,0
10500,10,1344764,31624,896024,20,94008907,45935499,0,122271474,2,91703624,4
830,6,19550,1545,12960,12,276435,125576,0,327370,2,245530,12
26894,182,4227988,30477,2804808,22,340947781,169753276,0,448944224,158168,336589874,32
36,0,180,31,120,0,534,223,0,568,0,426,0
28628,46,6025150,43236,4014380,428,684919017,340300743,0,906278632,1424,679708054,552
624538,112,692996243,375498,461957094,90,385783068958,192788182023,0,514010988300,54,385508242206,140
12609,10,1678336,16380,1118468,12,122853217,60910932,0,162240282,2,121680216,12
15376,104,1777262,23772,1178296,10,107533679,53258153,0,140403834,34594,105276942,32
37112,42,9832493,27849,6551320,28,1319553449,657987736,0,1752601028,20,1314451064,48
12643,54,1373029,12831,909798,5418,76187566,37917451,0,100021738,128954,74919930,292
4492,28,312734,8709,207942,74,12991237,6369770,0,16845114,50,12633846,300
10874,104,1035187,20901,684984,16,53894081,26558331,0,69839728,28384,52358702,20
2176631,260,4525025742,902322,3016523524,200,4710945558194,2355007578449,0,6279350064970,154,4709512561462,468
2626,28,130026,2194,85272,1336,3425443,1696491,0,4412640,15424,3298002,0
79705,76,30574018,59363,20374364,72,5995491386,2992417446,0,7973019602,34,5979765548,124
101435,80,44050031,82348,29357024,96,9764397279,4873641979,0,12987555350,54,9740667390,220
10751,56,1372038,21715,912686,132,95406308,47027058,0,124811092,70,93608326,268
1019,22,34321,1227,22654,12,672408,327692,0,853394,2,640082,24
14157,102,1820869,29186,1210528,228,136361201,67346872,0,178483268,252,133862906,516
6118,28,548129,11572,364558,136,27930953,13726214,0,36402074,114,27301516,112
538935,156,551073909,429348,367342110,164,284212408793,141998835413,0,378578317254,94,283933740994,492
606,38,12094,367,7718,2,128056,63594,0,161826,1938,119916,0
46314,30,12768626,31061,8509212,2476,1839398185,918087587,0,2446535210,29314,1834879488,3168
27725,24,6243116,27484,4160452,72,720037115,358535103,0,955237640,112,716428232,148
614,16,14692,901,9628,8,216600,103466,0,264128,0,198134,0
11230,48,793818,28683,525482,3200,32471991,15998433,0,41558622,29286,31147158,1624
18831,240,2461790,16107,1627990,86,165326973,82421386,28,217476720,241490,162925446,48
66992,36,23720171,43901,15810424,96,4273752660,2133282024,0,5686360512,32,4264770484,360
1934,2,84878,3461,56536,16,2288324,1107187,0,2933528,8,2200140,60
7309,18,781379,12450,520320,46,45007172,22175244,0,58959706,10,44219808,76
1735,18,55696,4394,36966,86,1264144,599667,0,1569130,50,1176816,128
44616,58,12582442,35166,8384338,100,1831487955,913532080,0,2433741184,374,1825305748,360
849218,316,1100674706,374224,733655984,156,714871962185,357316407514,0,952514128440,920,714385615704,164
2643,44,88182,7303,58184,174,2127280,1017217,0,2616890,132,1962594,488
39121,172,9281942,75978,6177184,354,1209066665,600472672,22,1595572830,834,1196677072,748
10718,2,1017219,18363,677322,1132,50908396,25181788,0,66634960,11968,49967244,280
503,8,11135,816,7364,14,151093,70942,0,184922,2,138692,12
344,6,6120,468,4036,2,66829,31667,0,81576,0,61182,4
32114,24,7903709,21806,5267580,26,985895130,491660878,0,1310254072,8,982690600,84
1872,14,102049,1786,67740,12,2929547,1442755,0,3811524,4,2858664,36
34715,238,7687910,12841,5106908,88,900970170,450067810,42,1193944414,122694,895363356,8
1417,22,61907,1692,40950,4,1498006,731834,0,1917778,2,1438382,12
23762,44,4652732,25416,3099544,54,483023126,240370289,0,639968232,24,479976338,140
201,2,2465,285,1630,2,20039,9290,0,23536,0,17652,8
9571,60,815132,19624,540476,2020,38652358,19043576,0,50079854,26174,37540474,704
15432,30,2456332,26830,1635898,14,207794738,102827479,0,273588024,112,205191044,16
3689,30,166524,9067,110648,22,5442736,2617870,0,6892824,0,5169640,76
221,4,1728,432,1138,6,11399,4975,0,11600,0,8700,8
1048,4,37486,1308,24954,6,764361,370880,0,982296,0,736722,0
557601,268,576989050,768427,384575904,366,302284743679,150944417782,0,402342679322,1464,301757019562,364
11316,50,1355188,24180,901754,184,93013029,45837563,0,121656268,164,91242058,324
4845,30,285252,12217,189498,168,11360375,5531079,0,14570744,200,10927948,368
825,24,19875,279,12612,644,247590,125941,0,308592,4976,227740,8
668287,176,760626716,420318,507022254,110,436535297135,218151731885,0,581593809430,3574,436195355590,208
251,2,4017,343,2660,4,38441,17965,0,46560,0,34920,12
235245,66,158585802,191304,105709074,104,53961184995,26948846733,0,71842850350,46,53882138654,192
4551,38,254866,17714,169174,98,10053453,4765374,0,12499668,108,9374748,156
40393,54,11200957,28681,7462522,56,1569826664,782983825,0,2085206232,32,1563905236,140
92153,100,37077142,112267,24708472,248,7753471798,3866323750,0,10301594142,612,7726195274,488
3054806,656,7320042605,1645304,4879578680,400,8915061814281,4456646072864,56,11882257675104,660858,8911692689996,484
28908,102,5457990,63973,3634348,134,595708720,294885705,0,784297344,304,588223298,304
3930,12,297580,5461,198128,24,12323953,6058476,0,16100686,6,12075524,16
24518,26,4820723,29000,3212656,80,503839435,250497763,0,667415002,74,500561242,160
4721,18,414912,5293,276174,54,19239281,9507829,0,25267698,26,18950780,36
35,0,171,19,114,0,464,221,0,560,0,420,0
227,2,3148,274,2080,4,26054,11974,0,30800,0,23100,8
488,6,12145,448,8040,0,166543,80502,0,210888,0,158166,8
846,6,31769,361,21098,2,605726,299762,0,792704,0,594532,0
17330,26,3112308,11719,2073718,22,283885418,141437872,0,376718090,2,282538636,36
51591,102,15100326,50436,10061828,114,2328036316,1160726904,0,3092252458,64,2319189880,268
4277,10,261280,13125,173974,16,10465437,5009198,0,13266576,0,9949940,20
10745,64,1176974,17750,782422,98,75395600,37264639,0,98733230,158,74049908,140
445220,210,399849184,653352,266515550,358,185172544239,92445409091,8,246424646042,844,184818483280,772
24891,14,5467578,6509,3644014,2,601781044,300539212,0,800975162,2,600731394,0
89777,118,36750545,94160,24486024,226,7670371928,3825878680,0,10190263624,376,7642699618,328
18338,154,2745983,23980,1821542,20,222870335,110631788,0,293046304,79302,219725402,16
5756,40,424676,21384,281832,36,19875370,9522509,0,25081866,594,18811014,44
5426,16,373286,11344,248308,662,15968438,7821495,0,20733692,4236,15547094,444
142320,60,74838225,93367,49882446,68,19809911316,9892926078,0,26370625622,30,19777969820,152
3183,4,153286,9759,102176,14,5181604,2467715,0,6523802,2,4892850,40
190431,252,111771614,339517,74474422,622,33856497026,16879667094,0,44963104946,1874,33722334752,988
620,22,10670,1307,6936,14,134447,62570,0,153426,2,115108,32
12935,50,1633889,26667,1088224,150,119811333,59130479,0,157261636,116,117946220,316
4659,26,251830,9388,167722,16,9353531,4572597,0,12121056,0,9090796,108
346,0,5783,539,3854,2,60487,27804,0,72688,0,54516,16
805,6,21327,258,13788,552,285953,144153,0,366320,4048,271710,0
528,20,4704,1348,3040,10,41528,18601,0,39152,0,29374,76
362,2,5634,735,3742,14,61208,27563,0,71386,2,53538,0
8182,24,662253,19868,439214,2404,30883604,15099366,0,39802860,36788,29824622,676
297,6,2863,650,1864,16,22723,10309,0,23588,4,17688,36
32262,230,5841578,21112,3876210,24,545393140,272301886,0,722105650,431424,541255468,4
4696,6,315001,3620,208654,1810,10768515,5362017,0,14133066,24602,10581350,0
373312,100,320184970,168906,213431180,76,137715391400,68821929406,0,183481155280,368,137610867910,176
6228,30,556106,9948,370268,66,28074380,13820438,0,36746156,36,27559620,100
346361,146,277797933,389752,185169768,188,113948498023,56898109983,0,151679540264,272,113759655906,372
8486,20,890175,22705,592766,80,53821784,26309132,0,69898870,46,52424158,160
32424,46,7631313,34829,5084426,60,939953473,468056641,0,1246466666,26,934850280,196
3529,20,182132,12278,121118,30,6541703,3096056,0,8148674,2,6111524,52
17843,18,2291099,19950,1524260,4056,151377414,75416433,0,199923250,83330,149879950,12
26174,32,4549543,30230,3025422,8390,418375230,208177009,0,553039652,250804,414591818,744
53,0,372,39,248,0,1440,645,0,1688,0,1266,0
17532,6,2558159,22719,1701390,5568,199898406,99211098,0,263857592,135056,197791908,24
399,6,7916,586,5228,10,94799,44540,0,115554,2,86668,4
82448,72,31076573,86670,20712824,208,6126823651,3056109822,0,8145469646,118,6109102380,536
2949,12,173688,5475,115512,28,5964537,2908393,0,7695156,4,5771378,40
340655,126,273813211,247999,182517056,230,111703260355,55804075450,0,148769001802,290,111576752944,532
1881,2,84999,2688,56648,12,2273488,1110892,0,2949328,0,2211996,40
1139,14,37761,1853,25002,4,762957,367673,0,960816,8,720614,12
498410,62,492513994,277022,328325898,46,244631607841,122248255317,0,325961078268,4,244470809270,132
11505,10,1558428,30823,1038514,40,114127929,55973591,0,149056066,18,111792048,28
818219,70,1043598058,179520,695705472,40,665873687975,332879911784,0,887611681930,34,665708762298,60
15639,22,2422512,16601,1614430,66,202528722,100697723,0,268314702,14,201236034,104
562,4,14975,542,9950,12,221765,107921,0,284370,2,213276,16
6427,20,647856,6898,431496,16,34869254,17275981,0,45958096,0,34468594,44
15091,12,2415005,27856,1609596,78,203650322,100717271,0,268353954,50,201265434,60
19323,30,3337373,31014,2224060,132,311487033,154443958,0,411446432,134,308584434,168
4116,50,251584,8776,166724,24,9649126,4699094,0,12363022,446,9272020,96
1291741,168,2067036208,507797,1377940242,198,1656911234050,828255256475,0,2208410004384,144,1656307508990,436
643,8,16433,1049,10872,16,255544,121725,0,316516,4,237390,32
194052,74,118578158,107505,79039472,100,36594114901,18281164506,0,48733895470,22,36550422430,104
1602,8,70621,2715,46986,26,1812394,877379,0,2323106,10,1742326,52
14894,92,1788474,20547,1186808,20,115138787,57135056,0,150846420,15400,113122956,44
356,10,4607,515,3002,0,40523,19077,0,46072,0,34564,4
20628,206,2910454,19818,1927844,36,214401703,106754111,2,282533040,267544,211699102,0
39681,54,10358715,26744,6901416,1440,1401670588,699376172,0,1862733798,16766,1397038050,220
227,2,3981,101,2638,2,36182,17745,0,46528,0,34896,0
386,0,9831,189,6554,0,125334,61445,0,163800,0,122850,0
216,2,3407,168,2258,0,29867,14376,0,37536,0,28152,0
5491,42,398670,11879,265016,62,17907982,8764793,0,23189332,28,17392058,124
541,4,11435,260,7386,306,122678,61527,0,155584,1632,115466,0
1832,4,47899,5214,31918,6,1081889,503305,0,1312184,0,984138,20
15815,76,1295415,64442,861930,206,83402677,40190395,0,106296090,282,79721980,464
3128,44,102462,11047,67530,138,2529772,1174661,0,2982698,122,2237056,292
3557,22,162571,13031,107898,52,5538517,2598577,0,6790282,10,5092766,80
29887,28,7168184,16867,4776496,8,864914030,431457492,0,1149427090,2,862070472,0
1976,8,103630,2341,68988,10,2982690,1461635,0,3880992,0,2910746,36
588,8,14849,859,9828,8,223314,106324,0,277658,2,208248,4
145,2,1029,274,676,6,6032,2589,0,5936,0,4452,16
846,20,15229,2249,9972,62,216152,100483,0,248348,36,186244,236
3715,14,221393,9942,147394,34,8436648,4066473,0,10765392,8,8074044,100
8548,30,756533,20809,502326,1654,38547601,18882209,0,49853446,21246,37374254,372
15489,118,1749302,39422,1162428,256,124376822,61248684,0,162147478,244,121611050,556
6450,44,407312,16766,270620,56,16142507,7763478,0,20474836,18,15356062,72
9063,16,1029844,13558,686216,60,64704412,32006315,0,85192508,28,63894366,188
80976,78,30382325,100756,20246550,104,5943357110,2962744514,0,7893834134,1150,5920375342,492
2033,0,87317,681,57118,1640,1868234,940439,0,2435520,21320,1810650,164
8045,14,809508,23407,539092,220,47280693,23032965,0,61207182,910,45904728,148
33752,118,7722924,67029,5141432,482,956321499,474564339,2,1261911328,1218,946432798,744
21011,46,3999654,24978,2664460,42,397336833,197501549,0,525842112,48,394381674,92
807866,180,1016803432,671616,677805022,214,643402990551,321492059609,0,857148332916,156,642861254934,392
629,14,16343,646,10748,8,244307,119143,0,308092,20,231064,36
9551,14,1176969,21938,784354,12,78377241,38501220,0,102521578,2,76891188,24
6510,16,667047,4709,444350,20,36074739,17933829,0,47736986,2,35802754,32
1363,6,62496,1450,41620,4,1529675,748789,0,1989856,0,1492394,8
181043,194,102715426,313646,68452420,954,30238087976,15076893330,2,40175626984,2834,30131719204,2012
5592,36,425898,8157,283310,44,18895913,9301628,0,24665720,8,18499330,104
9335,8,1124587,23695,749344,26,73886374,36217794,0,96396932,4,72297708,52
409978,72,363322112,285158,242203554,188,163029192411,81453458758,0,217187832898,122,162890874892,340
300024,106,228253095,217228,152149640,204,87693746911,43806619263,0,116787921048,400,87590941662,184
11470,34,1165372,23416,775016,1278,65442050,32273223,0,85324860,14082,63982944,152
82895,34,33450663,14810,22295626,328,6756676203,3376856547,0,9001251244,1652,6750937406,12
40237,26,10977486,29148,7316540,80,1528167112,762199739,0,2031452594,34,1523589486,144
19775,40,2610454,34824,1736538,2780,179942001,89186409,0,236050666,46866,177003122,632
905,6,24259,529,15636,710,335868,168377,0,424592,5808,314090,0
72,0,663,55,442,0,3256,1494,0,3960,0,2970,0
3169,26,173580,6898,115334,64,5987116,2908146,0,7672632,32,5754472,156
31477,30,7538133,20484,5023524,14,924158758,460892682,0,1228072996,4,921054846,0
27806,174,4883491,19738,3241962,16,450157690,224572775,0,595247082,164166,446312614,16
2029,8,103250,3177,68682,26,2993747,1459289,0,3864124,4,2898094,60
3204,22,196554,5111,130792,46,7045541,3450315,0,9153542,38,6865136,48
21905,20,3205219,20416,2130114,8564,239817249,119531019,0,316947876,259532,237516324,4
21472,206,3369881,19418,2233934,12,282238074,140510583,0,372349342,242794,279080398,4
1136,4,48625,800,32348,2,1080595,531972,0,1411648,0,1058736,0
946164,208,1288327151,763876,858806364,196,882173840484,440829851936,0,1175328892836,172,881496676318,352
19970,24,3146455,28493,2092628,5700,266908736,132412669,0,352039330,140306,263924328,608
28071,136,5855953,36038,3895322,100,656734387,326670891,4,867591364,8254,650687926,232
23410,28,4828508,26013,3217096,52,511293185,254332796,0,677348378,18,508011416,92
4688972,148,14339945042,1215169,9559820260,96,21934121499783,10966134526742,0,29242147277762,34,21931610462952,132
2157,20,119205,2404,79084,26,3587974,1765298,0,4658170,22,3493520,16
6985,14,637340,19016,424372,88,34252446,16704805,0,44322216,120,33241594,400
622,12,13727,1005,9036,10,195768,93362,0,240098,2,180080,12
1768,0,92943,1483,61958,6,2585601,1274688,0,3395272,0,2546454,4
2028,8,108342,3146,72146,34,3212722,1567660,0,4162014,14,3121504,112
20995,46,3293749,29364,2193520,534,280814933,139580244,0,370960712,3440,278218154,196
31654,224,5719621,24228,3795254,28,536600395,267741159,2,709570624,323014,531935294,20
261,6,3435,371,2248,2,30453,14150,0,35344,0,26512,0
5359,14,395307,15230,263286,18,18144730,8778213,0,23295756,4,17471820,44
1645,14,39610,3371,26316,14,678934,320168,0,828808,0,621610,56
4593,10,279137,14097,185944,48,11125344,5331300,0,14127480,24,10595592,128
3249101,288,8260814315,1162050,5506979678,202,10512432299329,5255482593858,0,14013447712656,496,10510085801662,276
14290,64,2017715,25195,1341198,1206,155434356,76903639,0,203854124,13044,152881514,152
15329,32,1876225,5691,1241596,11778,116014502,58063889,0,153169556,419020,114563030,8
25062,30,5395779,18937,3595162,46,591774311,294906879,0,785489204,20,589117016,48
14615,20,1999356,20330,1330914,1646,147849508,73356832,0,194933370,21242,146184148,4
6939,22,665844,20865,443022,52,36791219,17880538,0,47408802,26,35556670,40
13989,162,1474533,33492,977220,3918,94560173,46721498,70,123439552,34252,92552966,11208
259,0,3583,440,2386,4,33394,15117,0,39088,0,29316,0
663,14,19267,651,12684,4,310245,150606,0,390746,2,293086,12
76236,84,28525152,68437,19007788,94,5466884042,2727320473,0,7265861556,444,5449396732,132
438,2,5911,1052,3920,8,64248,28674,0,71176,0,53382,28
44,0,201,49,134,0,620,256,0,600,0,450,0
695,16,14065,1386,9258,12,202792,95667,0,243602,2,182720,16
90,6,801,24,510,0,3771,1864,0,4496,0,3376,0
1496,16,43292,3888,28690,34,893188,420776,0,1088550,6,816416,36
2027,2,124868,380,83204,0,3816410,1902487,0,5067880,0,3800910,0
955959,398,1307888763,824986,871757536,434,900005651273,449724505120,30,1198802577658,4814,899101945510,512
139,0,1482,182,988,0,9780,4308,0,11208,0,8406,0
873,10,27377,1495,18102,22,507903,242286,0,632206,6,474168,12
2735,22,76216,12021,50548,58,1936678,862354,0,2194706,18,1646032,196
20127,8,3453488,35590,2301882,20,320809723,158662510,0,422838122,2,317128594,24
60617,122,19927295,8318,13270782,14,3353458517,1676231134,0,4462463656,49508,3346810296,0
219,6,2668,305,1746,10,21035,9482,0,24166,6,18120,4
71,0,519,68,342,6,2266,1066,0,2650,2,1986,8
1696,6,83410,2292,55484,12,2249918,1096071,0,2905538,2,2179158,12
5299,54,357444,19327,236740,72,15825417,7578559,0,19845784,40,14884658,140
1574,18,56677,3404,37586,46,1332255,636414,0,1667466,18,1250592,84
6395,38,549189,22159,364908,22,28406609,13694872,0,36193176,168,27144886,28
26238,36,5697044,30643,3795964,60,637196077,316926166,0,844163514,26,633122766,56
43,2,193,38,126,0,588,233,0,576,0,432,0
35191,112,8870953,34054,5905394,116,1149075717,572504419,4,1522227590,136,1141670830,116
281,8,2903,481,1894,0,22414,10152,0,24224,0,18168,20
280419,138,207510119,189325,138310474,40,77224887148,38577690528,0,102829396314,42,77122050522,72
8835,10,1002383,19773,667784,50,63044115,30968166,0,82380394,26,61785296,84
15846,16,2679767,14208,1785646,40,232582126,115709428,0,308223184,16,231167414,80
8369,14,999819,10424,665920,52,62438290,30908661,0,82250818,34,61688124,52
10522,58,1190006,21722,791886,104,78034125,38416834,0,102004280,64,76503310,156
9809,16,1178080,26220,784618,22,78485504,38433591,0,102194988,4,76646274,36
23055,50,4629860,25198,3084028,90,482658527,240114627,0,639204702,62,479403718,80
47338,44,14044989,35266,9360550,58,2123916507,1059448945,0,2823434088,32,2117575682,72
165,10,1019,173,638,4,4537,2259,0,4720,8,3534,0
13564,20,2012538,24307,1340688,20,159241224,78715369,0,209514810,2,157136162,48
25,0,108,18,72,0,261,107,0,280,0,210,0
8913,18,1074325,9808,715654,46,68541282,34004305,0,90494180,12,67870650,136
10672,34,1317671,25450,877034,62,90571580,44486924,0,118161786,42,88621446,72
1745,6,97230,705,64700,8,2731663,1356230,0,3603186,2,2702392,0
6627,24,550706,11925,366608,76,26097489,12777021,0,33940586,66,25455434,140
657,0,12051,1302,8030,6,162059,74820,0,194760,0,146070,24
70269,98,24524558,101931,16340750,336,4470284554,2226734863,0,5931129590,422,4448347246,684
3572,34,230320,5666,152882,50,8641887,4239162,0,11194734,68,8395950,88
9856,52,1081945,22201,719872,130,69035886,33963538,0,90123522,66,67592702,300
7202,20,710582,13554,473194,34,39296468,19302877,0,51312274,10,38484226,68
16680,36,2490375,25736,1659234,50,208325557,103261319,0,274906786,50,206180088,220
44752,150,12064261,72245,8032294,328,1733092489,862113486,0,2292816104,1242,1719612740,872
1168,10,51460,758,34152,2,1164530,573685,0,1516032,0,1137040,0
208,0,2529,379,1686,0,21360,9612,0,24544,0,18408,4
33855,94,7937576,37950,5286206,184,985813997,490898991,0,1306433280,1616,979824406,284
440,4,7999,922,5286,14,98879,45092,0,115906,2,86928,12
973,4,26539,2047,17664,18,480258,226240,0,594466,10,445842,28
547,2,10260,946,6836,4,133546,63542,0,164736,0,123552,40
32584,122,4191486,158450,2790280,420,409850708,198860141,0,527466952,312,395600398,1080
115893,168,50944111,270069,33943770,282,11875073279,5908479658,0,15736951576,128,11802716726,828
4068,6,258456,12160,172168,28,10420630,5006348,0,13268518,6,9951386,44
3600,14,196639,13068,130846,32,7312491,3462245,0,9130332,4,6847754,72
2238,16,98347,1007,64268,1648,2178390,1092839,2,2821112,21090,2099886,0
4720,158,278587,3188,181018,2284,9191616,4577967,50,11797176,36182,8820212,0
14039,22,2244403,11925,1495238,36,183527435,91303882,0,243110906,18,182333230,40
218317,126,135545243,344233,90343558,268,43744558188,21821029429,0,58161965286,292,43621474386,1096
2111,12,104184,3267,69372,28,3013218,1466988,0,3895190,6,2921388,72
3261,2,195943,8648,130616,14,7209708,3464930,0,9207882,2,6905910,12
56,0,495,10,330,0,2025,990,0,2640,0,1980,0
10276,20,929865,19783,617886,2108,45149376,22285102,0,58793180,30204,44072248,612
170250,124,97512812,123552,64987442,48,28193307796,14079074933,0,37519660674,78,28139747242,36
7238,36,797829,9655,530480,76,46137578,22812147,0,60497704,32,45373492,32
30421,14,7262053,28392,4840342,42,881547048,439118090,0,1170403000,8,877802274,68
933288,210,1241257591,989855,827436082,544,839391019959,419379622434,0,1118151555742,454,838613671880,2128
53644,20,17318152,27286,11543450,20,2808819263,1402235150,0,3737946074,10,2803459618,16
149496,84,76635547,211939,51082638,184,20447767785,10197657972,0,27184698716,100,20388524372,536
23,0,66,30,44,0,160,58,0,120,0,90,0
690,16,19467,742,12820,12,313578,152075,0,395106,2,296346,0
8285,20,887617,20826,590938,48,53662610,26271527,0,69778578,34,52333954,32
65833,28,23516974,36416,15674790,36,4225544095,2109548797,0,5623121958,22,4217341582,8
20797,56,2879504,27125,1913658,5294,205321956,102174959,0,270411658,123570,202716358,36
207,0,3429,159,2286,0,30478,14621,0,38760,0,29070,0
6417,28,564025,17153,375090,46,29275941,14257212,0,37757574,14,28318276,112
248318,56,170788218,185001,113852898,128,59562520029,29750585580,0,79326160624,40,59494620578,236
2793,6,202146,591,134616,2,7282924,3630764,0,9661120,0,7245844,0
115,2,1110,95,728,6,6393,2931,0,7522,2,5640,0
18154,46,3070376,23733,2044770,62,278257128,138233425,0,367740588,10,275805322,184
135,10,772,165,474,0,3378,1647,0,3250,2,2444,0
1944,24,81183,3519,53942,50,2132690,1030854,0,2723120,10,2042334,68
38819,224,8650288,16001,5747262,24,1020231169,509620206,0,1353296574,303830,1014744318,8
6516,20,683507,6914,455244,14,37513706,18584146,0,49454084,12,37090574,32
446,2,9928,735,6616,2,132619,61981,0,163888,0,122916,4
315595,136,247375689,278612,164884064,224,97653460265,48772794098,0,130008034176,344,97506027768,196
108667,134,49582543,91978,33037784,122,11436485484,5707950390,2,15205375654,446,11404031830,56
83,0,552,107,368,0,2578,1062,0,2696,0,2022,0
812,8,23568,1272,15650,6,412627,198467,0,519800,0,389852,40
13991,58,2046463,33325,1361536,174,163137009,80379113,0,213351744,184,160014180,472
7240,8,592851,19345,395092,30,30040775,14556660,0,38708998,6,29031748,36
7407,42,725172,11192,482548,42,40357390,19936190,0,52932864,16,39699714,112
556,0,12733,906,8486,4,178839,83943,0,221264,0,165948,0
6747,56,628061,18697,416638,178,33754019,16445491,0,43357304,128,32518480,200
11692,92,933740,22883,617524,1478,39774614,19643565,0,51307106,36706,38452972,340
3631,6,286222,2474,190638,12,11640783,5773357,0,15360650,2,11520492,16
3269,4,237828,2944,158448,2,9107262,4499920,0,11977296,0,8982972,20
326,2,6203,284,4130,2,66918,32320,0,85248,0,63936,4
19308,56,2597336,46110,1730280,392,219559128,108327306,0,288263448,952,216196922,916
13187,24,1387906,21485,923894,1002,76891243,38093993,0,100786068,9860,75582198,144
758745,358,918901326,816214,612473796,310,562087317593,280799401115,0,748491375010,28924,561368527186,676
1635,20,56624,3639,37408,30,1254768,599318,0,1549676,4,1162290,72
9517,32,1082112,22146,720092,24,69219612,33984292,0,90215242,170,67661374,40
12162,74,1424289,28937,947050,356,98647612,48571081,0,128707404,836,96530282,1120
13702,24,1616040,25161,1075232,1430,106204096,52552925,0,139272552,16896,104441834,204
4939,32,345517,13738,229402,98,15027369,7281003,0,19194280,72,14395760,128
52362,62,15782955,54978,10515932,58,2479831598,1235960582,0,3292016858,602,2469012718,136
